type	subtype	matched	shown	file
albicidin	albA	49063	1000	0000.txt.gz
albicidin	albB	364	364	0001.txt.gz
albicidin	albD	2361	1000	0002.txt.gz
albicidin	albF	51	51	0003.txt.gz
albicidin	albG	59	59	0004.txt.gz
aminocoumarin	couR5	994	994	0005.txt.gz
aminocoumarin	novA	73195	1000	0006.txt.gz
aminoglycoside	aac(2')*	1726	1000	0007.txt.gz
aminoglycoside	aac(2')-I	47210	1000	0008.txt.gz
aminoglycoside	aac(2')-II	5128	1000	0009.txt.gz
aminoglycoside	aac(3)*	235324	1000	0010.txt.gz
aminoglycoside	aac(3)-I	112307	1000	0011.txt.gz
aminoglycoside	aac(3)-II	61961	1000	0012.txt.gz
aminoglycoside	aac(3)-III	2352	1000	0013.txt.gz
aminoglycoside	aac(3)-IV	73581	1000	0014.txt.gz
aminoglycoside	aac(3)-IX	28	28	0015.txt.gz
aminoglycoside	aac(3)-VI	3665	1000	0016.txt.gz
aminoglycoside	aac(3)-VII	119	119	0017.txt.gz
aminoglycoside	aac(3)-VIII	1179	1000	0018.txt.gz
aminoglycoside	aac(3)-X	65	65	0019.txt.gz
aminoglycoside	aac(3)-XI	11994	1000	0020.txt.gz
aminoglycoside	aac(6')*	553938	1000	0021.txt.gz
aminoglycoside	aac(6')-I	209119	1000	0022.txt.gz
aminoglycoside	aac(6')-II	30545	1000	0023.txt.gz
aminoglycoside	aac(6')-III	20	20	0024.txt.gz
aminoglycoside	ant(2'')-I	37932	1000	0025.txt.gz
aminoglycoside	ant(3'')-I	307336	1000	0026.txt.gz
aminoglycoside	ant(3'')-II	47761	1000	0027.txt.gz
aminoglycoside	ant(4')-I	72674	1000	0028.txt.gz
aminoglycoside	ant(4')-II	1339	1000	0029.txt.gz
aminoglycoside	ant(6)*	537543	1000	0030.txt.gz
aminoglycoside	ant(6)-I	107133	1000	0031.txt.gz
aminoglycoside	ant(9)*	358005	1000	0032.txt.gz
aminoglycoside	ant(9)-I	22024	1000	0033.txt.gz
aminoglycoside	aph(2'')*	2024	1000	0034.txt.gz
aminoglycoside	aph(2'')-I	356590	1000	0035.txt.gz
aminoglycoside	aph(2'')-II	111785	1000	0036.txt.gz
aminoglycoside	aph(2'')-III	13608	1000	0037.txt.gz
aminoglycoside	aph(2'')-IV	26858	1000	0038.txt.gz
aminoglycoside	aph(3'')*	83803	1000	0039.txt.gz
aminoglycoside	aph(3'')-I	265850	1000	0040.txt.gz
aminoglycoside	aph(3')*	391300	1000	0041.txt.gz
aminoglycoside	aph(3')-I	171910	1000	0042.txt.gz
aminoglycoside	aph(3')-II	125338	1000	0043.txt.gz
aminoglycoside	aph(3')-III	365065	1000	0044.txt.gz
aminoglycoside	aph(3')-IV	93	93	0045.txt.gz
aminoglycoside	aph(3')-IX	932	932	0046.txt.gz
aminoglycoside	aph(3')-V	488	488	0047.txt.gz
aminoglycoside	aph(3')-VI	16000	1000	0048.txt.gz
aminoglycoside	aph(3')-VII	12804	1000	0049.txt.gz
aminoglycoside	aph(3')-VIII	439	439	0050.txt.gz
aminoglycoside	aph(3')-XV	11896	1000	0051.txt.gz
aminoglycoside	aph(3')-XVI	1768	1000	0052.txt.gz
aminoglycoside	aph(4)-I	23805	1000	0053.txt.gz
aminoglycoside	aph(6)*	27230	1000	0054.txt.gz
aminoglycoside	aph(6)-I	391224	1000	0055.txt.gz
aminoglycoside	aph(7'')-I	826	826	0056.txt.gz
aminoglycoside	aph(9)-I	28426	1000	0057.txt.gz
aminoglycoside	apmA	16194	1000	0058.txt.gz
aminoglycoside	armA	2661	1000	0059.txt.gz
aminoglycoside	cmnU	36	36	0060.txt.gz
aminoglycoside	eis	78226	1000	0061.txt.gz
aminoglycoside	fmrO	95	95	0062.txt.gz
aminoglycoside	gar	909	909	0063.txt.gz
aminoglycoside	grdA	249	249	0064.txt.gz
aminoglycoside	grmA	428	428	0065.txt.gz
aminoglycoside	grmB	132	132	0066.txt.gz
aminoglycoside	grmO	1014	1000	0067.txt.gz
aminoglycoside	kamA	10	10	0068.txt.gz
aminoglycoside	kamB	1581	1000	0069.txt.gz
aminoglycoside	kamC	280	280	0070.txt.gz
aminoglycoside	kgmB	10	10	0071.txt.gz
aminoglycoside	kmr	3664	1000	0072.txt.gz
aminoglycoside	krm	14	14	0073.txt.gz
aminoglycoside	nbrB	7	7	0074.txt.gz
aminoglycoside	npmA	27584	1000	0075.txt.gz
aminoglycoside	npmB	646	646	0076.txt.gz
aminoglycoside	npmC	3197	1000	0077.txt.gz
aminoglycoside	rmt*	49157	1000	0078.txt.gz
aminoglycoside	rmtA	19	19	0079.txt.gz
aminoglycoside	rmtB	10436	1000	0080.txt.gz
aminoglycoside	rmtC	224	224	0081.txt.gz
aminoglycoside	rmtD	22839	1000	0082.txt.gz
aminoglycoside	rmtE	234	234	0083.txt.gz
aminoglycoside	rmtF	21066	1000	0084.txt.gz
aminoglycoside	rmtG	5951	1000	0085.txt.gz
aminoglycoside	rmtH	23	23	0086.txt.gz
aminoglycoside	sgm	345	345	0087.txt.gz
aminoglycoside	spcM	23	23	0088.txt.gz
aminoglycoside	warA	41	41	0089.txt.gz
aminonucleoside	ard1	33	33	0090.txt.gz
aminonucleoside	ard2	193	193	0091.txt.gz
aminonucleoside	pac	4427	1000	0092.txt.gz
aminonucleoside	pur8	373	373	0093.txt.gz
avilamycin	aviABC-1	2636	1000	0094.txt.gz
avilamycin	aviABC-2	235	235	0095.txt.gz
avilamycin	aviRa	277	277	0096.txt.gz
avilamycin	aviRb	2814	1000	0097.txt.gz
avilamycin	emtA	5608	1000	0098.txt.gz
bacitracin	bahA	2910	1000	0099.txt.gz
bacitracin	bceA	455223	1000	0100.txt.gz
bacitracin	bceB	410600	1000	0101.txt.gz
bacitracin	bcrA	421710	1000	0102.txt.gz
bacitracin	bcrB	302345	1000	0103.txt.gz
bacteriocin	anrA	2945	1000	0104.txt.gz
bacteriocin	anrB	3051	1000	0105.txt.gz
bacteriocin	cprA	424054	1000	0106.txt.gz
bacteriocin	cprB	11225	1000	0107.txt.gz
bacteriocin	cprC	11086	1000	0108.txt.gz
bacteriocin	nsr	78999	1000	0109.txt.gz
bacteriocin	nsrF	71017	1000	0110.txt.gz
bacteriocin	nsrP	8370	1000	0111.txt.gz
bacteriocin	psdA	56937	1000	0112.txt.gz
bacteriocin	psdB	61123	1000	0113.txt.gz
bacteriocin	rapA	65571	1000	0114.txt.gz
bacteriocin	rapB	76732	1000	0115.txt.gz
bacteriocin	vraD	55314	1000	0116.txt.gz
bacteriocin	vraE	52822	1000	0117.txt.gz
bacteriocin	ysaB	89615	1000	0118.txt.gz
bacteriocin	ysaC	96137	1000	0119.txt.gz
beta-lactam	bla*	783438	1000	0120.txt.gz
beta-lactam	bla1	14607	1000	0121.txt.gz
beta-lactam	bla2	12885	1000	0122.txt.gz
beta-lactam	bla3	7448	1000	0123.txt.gz
beta-lactam	blaA	854	854	0124.txt.gz
beta-lactam	blaAAK	6450	1000	0125.txt.gz
beta-lactam	blaACA	33141	1000	0126.txt.gz
beta-lactam	blaACC	7718	1000	0127.txt.gz
beta-lactam	blaACI	84973	1000	0128.txt.gz
beta-lactam	blaACT	89231	1000	0129.txt.gz
beta-lactam	blaADC	23270	1000	0130.txt.gz
beta-lactam	blaAER	14219	1000	0131.txt.gz
beta-lactam	blaAFM	1023	1000	0132.txt.gz
beta-lactam	blaAHM	12076	1000	0133.txt.gz
beta-lactam	blaAIM	12901	1000	0134.txt.gz
beta-lactam	blaALG11	4563	1000	0135.txt.gz
beta-lactam	blaALG6	2385	1000	0136.txt.gz
beta-lactam	blaALI	821	821	0137.txt.gz
beta-lactam	blaAMZ	5838	1000	0138.txt.gz
beta-lactam	blaANA	401	401	0139.txt.gz
beta-lactam	blaAQU	3028	1000	0140.txt.gz
beta-lactam	blaARL	3585	1000	0141.txt.gz
beta-lactam	blaASDC	3755	1000	0142.txt.gz
beta-lactam	blaAST	48	48	0143.txt.gz
beta-lactam	blaASU1	1089	1000	0144.txt.gz
beta-lactam	blaAVDC	1873	1000	0145.txt.gz
beta-lactam	blaAXC	1352	1000	0146.txt.gz
beta-lactam	blaB	3422	1000	0147.txt.gz
beta-lactam	blaB3SU1	684	684	0148.txt.gz
beta-lactam	blaB3SU2	41127	1000	0149.txt.gz
beta-lactam	blaBAT	131	131	0150.txt.gz
beta-lactam	blaBBI	500	500	0151.txt.gz
beta-lactam	blaBCL	1673	1000	0152.txt.gz
beta-lactam	blaBEL	4798	1000	0153.txt.gz
beta-lactam	blaBES	3160	1000	0154.txt.gz
beta-lactam	blaBIC	160	160	0155.txt.gz
beta-lactam	blaBIM	187	187	0156.txt.gz
beta-lactam	blaBJP	50678	1000	0157.txt.gz
beta-lactam	blaBKC	1576	1000	0158.txt.gz
beta-lactam	blaBMHC	1249	1000	0159.txt.gz
beta-lactam	blaBOR	340	340	0160.txt.gz
beta-lactam	blaBPU	5994	1000	0161.txt.gz
beta-lactam	blaBRO	9324	1000	0162.txt.gz
beta-lactam	blaBSU	288	288	0163.txt.gz
beta-lactam	blaBUT	556	556	0164.txt.gz
beta-lactam	blaC	1139	1000	0165.txt.gz
beta-lactam	blaCAE	6425	1000	0166.txt.gz
beta-lactam	blaCAM	1292	1000	0167.txt.gz
beta-lactam	blaCAR	8693	1000	0168.txt.gz
beta-lactam	blaCARB	8539	1000	0169.txt.gz
beta-lactam	blaCAU	21486	1000	0170.txt.gz
beta-lactam	blaCBP	431	431	0171.txt.gz
beta-lactam	blaCDA	377	377	0172.txt.gz
beta-lactam	blaCDD	11786	1000	0173.txt.gz
beta-lactam	blaCESS	10901	1000	0174.txt.gz
beta-lactam	blaCGA	627	627	0175.txt.gz
beta-lactam	blaCHM	9337	1000	0176.txt.gz
beta-lactam	blaCIA	750	750	0177.txt.gz
beta-lactam	blaCIM	711	711	0178.txt.gz
beta-lactam	blaCKO	4783	1000	0179.txt.gz
beta-lactam	blaCMA/CSA	2499	1000	0180.txt.gz
beta-lactam	blaCME	3294	1000	0181.txt.gz
beta-lactam	blaCMH	19847	1000	0182.txt.gz
beta-lactam	blaCMY	124978	1000	0183.txt.gz
beta-lactam	blaCOR	100	100	0184.txt.gz
beta-lactam	blaCPS	4435	1000	0185.txt.gz
beta-lactam	blaCRD3	12090	1000	0186.txt.gz
beta-lactam	blaCRH	300	300	0187.txt.gz
beta-lactam	blaCRP	71	71	0188.txt.gz
beta-lactam	blaCSP	10508	1000	0189.txt.gz
beta-lactam	blaCSR	2560	1000	0190.txt.gz
beta-lactam	blaCTX-M	64426	1000	0191.txt.gz
beta-lactam	blaCVI	104	104	0192.txt.gz
beta-lactam	blaDES	953	953	0193.txt.gz
beta-lactam	blaDHA	26018	1000	0194.txt.gz
beta-lactam	blaDHT2	3796	1000	0195.txt.gz
beta-lactam	blaDIM	5147	1000	0196.txt.gz
beta-lactam	blaDYB	2125	1000	0197.txt.gz
beta-lactam	blaE	752	752	0198.txt.gz
beta-lactam	blaEAM	1002	1000	0199.txt.gz
beta-lactam	blaEBR	7310	1000	0200.txt.gz
beta-lactam	blaEC	387299	1000	0201.txt.gz
beta-lactam	blaECM	3657	1000	0202.txt.gz
beta-lactam	blaECV	35	35	0203.txt.gz
beta-lactam	blaEFM	3068	1000	0204.txt.gz
beta-lactam	blaELC	7363	1000	0205.txt.gz
beta-lactam	blaELM	214	214	0206.txt.gz
beta-lactam	blaERP	1309	1000	0207.txt.gz
beta-lactam	blaESP	9695	1000	0208.txt.gz
beta-lactam	blaEVM	1761	1000	0209.txt.gz
beta-lactam	blaEXO	1804	1000	0210.txt.gz
beta-lactam	blaF	1557	1000	0211.txt.gz
beta-lactam	blaFAR	237	237	0212.txt.gz
beta-lactam	blaFEZ	11309	1000	0213.txt.gz
beta-lactam	blaFIA	216	216	0214.txt.gz
beta-lactam	blaFIM	84	84	0215.txt.gz
beta-lactam	blaFONA	3010	1000	0216.txt.gz
beta-lactam	blaFOX	8523	1000	0217.txt.gz
beta-lactam	blaFPH	185	185	0218.txt.gz
beta-lactam	blaFRI	81	81	0219.txt.gz
beta-lactam	blaFTU	216	216	0220.txt.gz
beta-lactam	blaGES	17901	1000	0221.txt.gz
beta-lactam	blaGIL	3178	1000	0222.txt.gz
beta-lactam	blaGIM	505	505	0223.txt.gz
beta-lactam	blaGMA	774	774	0224.txt.gz
beta-lactam	blaGMB	171	171	0225.txt.gz
beta-lactam	blaGOB	3806	1000	0226.txt.gz
beta-lactam	blaGPC	2199	1000	0227.txt.gz
beta-lactam	blaGRD23	409	409	0228.txt.gz
beta-lactam	blaGRD33	3879	1000	0229.txt.gz
beta-lactam	blaHBL	147	147	0230.txt.gz
beta-lactam	blaHER	3720	1000	0231.txt.gz
beta-lactam	blaHMB	669	669	0232.txt.gz
beta-lactam	blaIDC	6201	1000	0233.txt.gz
beta-lactam	blaIMI	273	273	0234.txt.gz
beta-lactam	blaIMP	12513	1000	0235.txt.gz
beta-lactam	blaIND	7655	1000	0236.txt.gz
beta-lactam	blaJOHN	721	721	0237.txt.gz
beta-lactam	blaKBL	220	220	0238.txt.gz
beta-lactam	blaKHM	5859	1000	0239.txt.gz
beta-lactam	blaKLUC	6133	1000	0240.txt.gz
beta-lactam	blaKPC	6325	1000	0241.txt.gz
beta-lactam	blaL	441	441	0242.txt.gz
beta-lactam	blaL1	27479	1000	0243.txt.gz
beta-lactam	blaL2	39358	1000	0244.txt.gz
beta-lactam	blaLAP	17205	1000	0245.txt.gz
beta-lactam	blaLAQ	6299	1000	0246.txt.gz
beta-lactam	blaLCR/NPS	15001	1000	0247.txt.gz
beta-lactam	blaLEN	33103	1000	0248.txt.gz
beta-lactam	blaLHK	4712	1000	0249.txt.gz
beta-lactam	blaLMB	228	228	0250.txt.gz
beta-lactam	blaLRA	26393	1000	0251.txt.gz
beta-lactam	blaLRG	63	63	0252.txt.gz
beta-lactam	blaLUS	109	109	0253.txt.gz
beta-lactam	blaLUT	1030	1000	0254.txt.gz
beta-lactam	blaM	7828	1000	0255.txt.gz
beta-lactam	blaMAB	3832	1000	0256.txt.gz
beta-lactam	blaMCA	18635	1000	0257.txt.gz
beta-lactam	blaMIM	615	615	0258.txt.gz
beta-lactam	blaMIR	30881	1000	0259.txt.gz
beta-lactam	blaMOC	348	348	0260.txt.gz
beta-lactam	blaMOX	20792	1000	0261.txt.gz
beta-lactam	blaMSI	546	546	0262.txt.gz
beta-lactam	blaMUN	123466	1000	0263.txt.gz
beta-lactam	blaMUS	773	773	0264.txt.gz
beta-lactam	blaMYO	626	626	0265.txt.gz
beta-lactam	blaMYX	614	614	0266.txt.gz
beta-lactam	blaNDM	6758	1000	0267.txt.gz
beta-lactam	blaNWM	143	143	0268.txt.gz
beta-lactam	blaOCH	8416	1000	0269.txt.gz
beta-lactam	blaOHIO	4494	1000	0270.txt.gz
beta-lactam	blaOKP	31870	1000	0271.txt.gz
beta-lactam	blaORN	10704	1000	0272.txt.gz
beta-lactam	blaORR	6	6	0273.txt.gz
beta-lactam	blaOXA	328012	1000	0274.txt.gz
beta-lactam	blaOXY	43097	1000	0275.txt.gz
beta-lactam	blaP	4190	1000	0276.txt.gz
beta-lactam	blaPAC	2460	1000	0277.txt.gz
beta-lactam	blaPAD	545	545	0278.txt.gz
beta-lactam	blaPAM	1751	1000	0279.txt.gz
beta-lactam	blaPAN	14	14	0280.txt.gz
beta-lactam	blaPAU	17383	1000	0281.txt.gz
beta-lactam	blaPDC	22309	1000	0282.txt.gz
beta-lactam	blaPEDO	3461	1000	0283.txt.gz
beta-lactam	blaPEN	13119	1000	0284.txt.gz
beta-lactam	blaPER	10633	1000	0285.txt.gz
beta-lactam	blaPFM	1404	1000	0286.txt.gz
beta-lactam	blaPJM	5689	1000	0287.txt.gz
beta-lactam	blaPLA	5933	1000	0288.txt.gz
beta-lactam	blaPLN	60	60	0289.txt.gz
beta-lactam	blaPME	2097	1000	0290.txt.gz
beta-lactam	blaPNC	2777	1000	0291.txt.gz
beta-lactam	blaPNGM	8186	1000	0292.txt.gz
beta-lactam	blaPOM	990	990	0293.txt.gz
beta-lactam	blaPRC	8709	1000	0294.txt.gz
beta-lactam	blaPSE	22624	1000	0295.txt.gz
beta-lactam	blaPST	2255	1000	0296.txt.gz
beta-lactam	blaPSV	82	82	0297.txt.gz
beta-lactam	blaPSZ	2903	1000	0298.txt.gz
beta-lactam	blaPYX	807	807	0299.txt.gz
beta-lactam	blaR39	124	124	0300.txt.gz
beta-lactam	blaRAA	866	866	0301.txt.gz
beta-lactam	blaRAD	122	122	0302.txt.gz
beta-lactam	blaRAHN	4939	1000	0303.txt.gz
beta-lactam	blaRASA	633	633	0304.txt.gz
beta-lactam	blaRATA	28846	1000	0305.txt.gz
beta-lactam	blaRCP	14112	1000	0306.txt.gz
beta-lactam	blaRHO	663	663	0307.txt.gz
beta-lactam	blaRM3	775	775	0308.txt.gz
beta-lactam	blaROB	12849	1000	0309.txt.gz
beta-lactam	blaRSA1	2892	1000	0310.txt.gz
beta-lactam	blaRSA2	2138	1000	0311.txt.gz
beta-lactam	blaRSC1	3521	1000	0312.txt.gz
beta-lactam	blaRSD1	871	871	0313.txt.gz
beta-lactam	blaRSD2	5588	1000	0314.txt.gz
beta-lactam	blaRTG	23413	1000	0315.txt.gz
beta-lactam	blaRUB	626	626	0316.txt.gz
beta-lactam	blaS	638	638	0317.txt.gz
beta-lactam	blaSAM	36	36	0318.txt.gz
beta-lactam	blaSCO	3171	1000	0319.txt.gz
beta-lactam	blaSED	682	682	0320.txt.gz
beta-lactam	blaSFC	23	23	0321.txt.gz
beta-lactam	blaSFDC	2878	1000	0322.txt.gz
beta-lactam	blaSFH	60	60	0323.txt.gz
beta-lactam	blaSGM	28151	1000	0324.txt.gz
beta-lactam	blaSHD	47	47	0325.txt.gz
beta-lactam	blaSHN	29	29	0326.txt.gz
beta-lactam	blaSHV	575796	1000	0327.txt.gz
beta-lactam	blaSIE	325	325	0328.txt.gz
beta-lactam	blaSIM	1231	1000	0329.txt.gz
beta-lactam	blaSIQ	95	95	0330.txt.gz
beta-lactam	blaSMB	5719	1000	0331.txt.gz
beta-lactam	blaSME	31	31	0332.txt.gz
beta-lactam	blaSPG	436	436	0333.txt.gz
beta-lactam	blaSPI	815	815	0334.txt.gz
beta-lactam	blaSPM	2529	1000	0335.txt.gz
beta-lactam	blaSPN79	1443	1000	0336.txt.gz
beta-lactam	blaSPR	6824	1000	0337.txt.gz
beta-lactam	blaSPS	37	37	0338.txt.gz
beta-lactam	blaSRT	10802	1000	0339.txt.gz
beta-lactam	blaSTA	8	8	0340.txt.gz
beta-lactam	blaTEL	710	710	0341.txt.gz
beta-lactam	blaTEM	325233	1000	0342.txt.gz
beta-lactam	blaTER	2645	1000	0343.txt.gz
beta-lactam	blaTHIN	1360	1000	0344.txt.gz
beta-lactam	blaTLA	7029	1000	0345.txt.gz
beta-lactam	blaTMB	294	294	0346.txt.gz
beta-lactam	blaTRU	597	597	0347.txt.gz
beta-lactam	blaTTU	63	63	0348.txt.gz
beta-lactam	blaTUS	546	546	0349.txt.gz
beta-lactam	blaVAM	172	172	0350.txt.gz
beta-lactam	blaVCC	364	364	0351.txt.gz
beta-lactam	blaVEB	18714	1000	0352.txt.gz
beta-lactam	blaVHH	1062	1000	0353.txt.gz
beta-lactam	blaVHW	743	743	0354.txt.gz
beta-lactam	blaVIM	4166	1000	0355.txt.gz
beta-lactam	blaVMB	1998	1000	0356.txt.gz
beta-lactam	blaWUS	43	43	0357.txt.gz
beta-lactam	blaYEM	17	17	0358.txt.gz
beta-lactam	blaYOC	955	955	0359.txt.gz
beta-lactam	blaYRC	15200	1000	0360.txt.gz
beta-lactam	blaZ	78613	1000	0361.txt.gz
beta-lactam	blaZOG	54	54	0362.txt.gz
beta-lactam	cblA	306748	1000	0363.txt.gz
beta-lactam	cdiA	7060	1000	0364.txt.gz
beta-lactam	cepA	141184	1000	0365.txt.gz
beta-lactam	cepH	2327	1000	0366.txt.gz
beta-lactam	cepS	2338	1000	0367.txt.gz
beta-lactam	cfiA	26003	1000	0368.txt.gz
beta-lactam	cfxA	447872	1000	0369.txt.gz
beta-lactam	cphA	17846	1000	0370.txt.gz
beta-lactam	crxA	10770	1000	0371.txt.gz
beta-lactam	hugA	1640	1000	0372.txt.gz
beta-lactam	mec*	68	68	0373.txt.gz
beta-lactam	mecA	56260	1000	0374.txt.gz
beta-lactam	mecB	1628	1000	0375.txt.gz
beta-lactam	mecC	589	589	0376.txt.gz
beta-lactam	mecD	779	779	0377.txt.gz
beta-lactam	pbp2m	37195	1000	0378.txt.gz
beta-lactam	varG	3176	1000	0379.txt.gz
bicyclomycin	bcmT	152	152	0380.txt.gz
biocide	aceI	62962	1000	0381.txt.gz
biocide	bcrB	5184	1000	0382.txt.gz
biocide	bcrC	5407	1000	0383.txt.gz
biocide	dinF	457946	1000	0384.txt.gz
biocide	ebrA	5842	1000	0385.txt.gz
biocide	ebrB	5794	1000	0386.txt.gz
biocide	farA	21281	1000	0387.txt.gz
biocide	farB	51572	1000	0388.txt.gz
biocide	farE	77435	1000	0389.txt.gz
biocide	hsmR	187	187	0390.txt.gz
biocide	kmrA	126075	1000	0391.txt.gz
biocide	mdrM	3129	1000	0392.txt.gz
biocide	mdrT	3802	1000	0393.txt.gz
biocide	opmH	67441	1000	0394.txt.gz
biocide	qac*	67637	1000	0395.txt.gz
biocide	qacA/B	65345	1000	0396.txt.gz
biocide	qacC	37652	1000	0397.txt.gz
biocide	qacE	169906	1000	0398.txt.gz
biocide	qacF/L	62984	1000	0399.txt.gz
biocide	qacG	42652	1000	0400.txt.gz
biocide	qacH	15224	1000	0401.txt.gz
biocide	qacJ	7541	1000	0402.txt.gz
biocide	qacK	13363	1000	0403.txt.gz
biocide	sepA	23346	1000	0404.txt.gz
biocide	smr	43026	1000	0405.txt.gz
biocide	smvA	181602	1000	0406.txt.gz
biocide	srpA	9837	1000	0407.txt.gz
biocide	srpB	25630	1000	0408.txt.gz
biocide	srpC	10263	1000	0409.txt.gz
biocide	sugE	607654	1000	0410.txt.gz
biocide	triA	39804	1000	0411.txt.gz
biocide	triB	20956	1000	0412.txt.gz
biocide	triC	110600	1000	0413.txt.gz
biocide	ttgD	3432	1000	0414.txt.gz
biocide	ttgE	7230	1000	0415.txt.gz
biocide	ttgF	2682	1000	0416.txt.gz
biocide	vcrM	3812	1000	0417.txt.gz
biocide	vmeG	4571	1000	0418.txt.gz
biocide	vmeH	4990	1000	0419.txt.gz
biocide	vmeI	26656	1000	0420.txt.gz
biocide	vmrA	8552	1000	0421.txt.gz
bleomycin	ble*	22599	1000	0422.txt.gz
bleomycin	bleO	48850	1000	0423.txt.gz
bleomycin	blmA	4	4	0424.txt.gz
bleomycin	blmB	1	1	0425.txt.gz
bleomycin	tlmA	435053	1000	0426.txt.gz
bleomycin	tlmB	53	53	0427.txt.gz
bleomycin	zbmA	118	118	0428.txt.gz
capuramycin	cap21	8551	1000	0429.txt.gz
capuramycin	capP	8495	1000	0430.txt.gz
capuramycin	cpr17	24698	1000	0431.txt.gz
colistin	almE	2529	1000	0432.txt.gz
colistin	almF	1537	1000	0433.txt.gz
colistin	almG	2187	1000	0434.txt.gz
colistin	arnA	555504	1000	0435.txt.gz
colistin	arnB	441850	1000	0436.txt.gz
colistin	arnC	448612	1000	0437.txt.gz
colistin	arnD	443082	1000	0438.txt.gz
colistin	arnE	358847	1000	0439.txt.gz
colistin	arnF	376403	1000	0440.txt.gz
colistin	arnT	478586	1000	0441.txt.gz
colistin	cprA	39458	1000	0442.txt.gz
colistin	eptA	576222	1000	0443.txt.gz
colistin	eptB	457553	1000	0444.txt.gz
colistin	eptC	7287	1000	0445.txt.gz
colistin	icr	38871	1000	0446.txt.gz
colistin	lpxE	39222	1000	0447.txt.gz
colistin	lpxF	276681	1000	0448.txt.gz
colistin	mcr-1	6427	1000	0449.txt.gz
colistin	mcr-10	26377	1000	0450.txt.gz
colistin	mcr-11	3226	1000	0451.txt.gz
colistin	mcr-12	729	729	0452.txt.gz
colistin	mcr-2	1255	1000	0453.txt.gz
colistin	mcr-3	21102	1000	0454.txt.gz
colistin	mcr-4	8400	1000	0455.txt.gz
colistin	mcr-5	11694	1000	0456.txt.gz
colistin	mcr-6	670	670	0457.txt.gz
colistin	mcr-7	4330	1000	0458.txt.gz
colistin	mcr-8	519	519	0459.txt.gz
colistin	mcr-9	18760	1000	0460.txt.gz
colistin	rosA	94166	1000	0461.txt.gz
colistin	ugd	761811	1000	0462.txt.gz
daptomycin	drcA	16305	1000	0463.txt.gz
daptomycin	drcB	9394	1000	0464.txt.gz
defensin	derA	63773	1000	0465.txt.gz
defensin	derB	57686	1000	0466.txt.gz
defensin	dltA	690110	1000	0467.txt.gz
defensin	dltB	677051	1000	0468.txt.gz
defensin	dltC	582149	1000	0469.txt.gz
defensin	dltD	672370	1000	0470.txt.gz
defensin	lysX	668339	1000	0471.txt.gz
defensin	mprF	742802	1000	0472.txt.gz
defensin	pmtC	101082	1000	0473.txt.gz
defensin	pmtD	94016	1000	0474.txt.gz
defensin	yxdL	26571	1000	0475.txt.gz
defensin	yxdM	20831	1000	0476.txt.gz
edeine	edeQ	425	425	0477.txt.gz
factumycin	facT	1828	1000	0478.txt.gz
fosfomycin	abaF	66949	1000	0479.txt.gz
fosfomycin	fomA	145	145	0480.txt.gz
fosfomycin	fomB	5190	1000	0481.txt.gz
fosfomycin	fos*	214168	1000	0482.txt.gz
fosfomycin	fosA	170782	1000	0483.txt.gz
fosfomycin	fosB	92826	1000	0484.txt.gz
fosfomycin	fosC	1227	1000	0485.txt.gz
fosfomycin	fosD	7204	1000	0486.txt.gz
fosfomycin	fosE	3676	1000	0487.txt.gz
fosfomycin	fosF	1679	1000	0488.txt.gz
fosfomycin	fosG	1070	1000	0489.txt.gz
fosfomycin	fosH	312	312	0490.txt.gz
fosfomycin	fosI	3317	1000	0491.txt.gz
fosfomycin	fosK	1248	1000	0492.txt.gz
fosfomycin	fosL	726	726	0493.txt.gz
fosfomycin	fosM	40219	1000	0494.txt.gz
fosfomycin	fosP	1277	1000	0495.txt.gz
fosfomycin	fosU	226	226	0496.txt.gz
fosfomycin	fosX	69493	1000	0497.txt.gz
fosfomycin	fosY	985	985	0498.txt.gz
fosmidomycin	fsr	430906	1000	0499.txt.gz
friulimicin	expA	838	838	0500.txt.gz
friulimicin	expB	980	980	0501.txt.gz
fusidic_acid	fusB	14678	1000	0502.txt.gz
fusidic_acid	fusC	8693	1000	0503.txt.gz
fusidic_acid	fusD	8265	1000	0504.txt.gz
fusidic_acid	fusF	6083	1000	0505.txt.gz
fusidic_acid	fusH	1076	1000	0506.txt.gz
glycopeptide	vanA	180621	1000	0507.txt.gz
glycopeptide	vanB	25156	1000	0508.txt.gz
glycopeptide	vanC	37790	1000	0509.txt.gz
glycopeptide	vanD	127198	1000	0510.txt.gz
glycopeptide	vanE	570	570	0511.txt.gz
glycopeptide	vanF	5116	1000	0512.txt.gz
glycopeptide	vanG	469281	1000	0513.txt.gz
glycopeptide	vanH	225823	1000	0514.txt.gz
glycopeptide	vanI	25179	1000	0515.txt.gz
glycopeptide	vanJ	4185	1000	0516.txt.gz
glycopeptide	vanK	16400	1000	0517.txt.gz
glycopeptide	vanL	16	16	0518.txt.gz
glycopeptide	vanM	782	782	0519.txt.gz
glycopeptide	vanN	175	175	0520.txt.gz
glycopeptide	vanO	6363	1000	0521.txt.gz
glycopeptide	vanP	679	679	0522.txt.gz
glycopeptide	vanT	472553	1000	0523.txt.gz
glycopeptide	vanX	246608	1000	0524.txt.gz
glycopeptide	vanXY	127986	1000	0525.txt.gz
ionophore	narA	54539	1000	0526.txt.gz
ionophore	narB	29210	1000	0527.txt.gz
ionophore	nonR	1639	1000	0528.txt.gz
ionophore	tnrB-1	53577	1000	0529.txt.gz
ionophore	tnrB-2	1268	1000	0530.txt.gz
lugdunin	lugG	2765	1000	0531.txt.gz
lugdunin	lugH	2996	1000	0532.txt.gz
macrolide-lincosamide-streptogramin	car(A)	10169	1000	0533.txt.gz
macrolide-lincosamide-streptogramin	chrB	618	618	0534.txt.gz
macrolide-lincosamide-streptogramin	cipA	886	886	0535.txt.gz
macrolide-lincosamide-streptogramin	clbA	2196	1000	0536.txt.gz
macrolide-lincosamide-streptogramin	clbB	1800	1000	0537.txt.gz
macrolide-lincosamide-streptogramin	clbC	279	279	0538.txt.gz
macrolide-lincosamide-streptogramin	cplR	149053	1000	0539.txt.gz
macrolide-lincosamide-streptogramin	ere(A)	33821	1000	0540.txt.gz
macrolide-lincosamide-streptogramin	ere(B)	12464	1000	0541.txt.gz
macrolide-lincosamide-streptogramin	ere(D)	71030	1000	0542.txt.gz
macrolide-lincosamide-streptogramin	erm(30)	67	67	0543.txt.gz
macrolide-lincosamide-streptogramin	erm(31)	195	195	0544.txt.gz
macrolide-lincosamide-streptogramin	erm(32)	14	14	0545.txt.gz
macrolide-lincosamide-streptogramin	erm(33)	7059	1000	0546.txt.gz
macrolide-lincosamide-streptogramin	erm(34)	1452	1000	0547.txt.gz
macrolide-lincosamide-streptogramin	erm(35)	5931	1000	0548.txt.gz
macrolide-lincosamide-streptogramin	erm(36)	15245	1000	0549.txt.gz
macrolide-lincosamide-streptogramin	erm(37)	8091	1000	0550.txt.gz
macrolide-lincosamide-streptogramin	erm(38)	953	953	0551.txt.gz
macrolide-lincosamide-streptogramin	erm(39)	1745	1000	0552.txt.gz
macrolide-lincosamide-streptogramin	erm(40)	1282	1000	0553.txt.gz
macrolide-lincosamide-streptogramin	erm(41)	516	516	0554.txt.gz
macrolide-lincosamide-streptogramin	erm(42)	9671	1000	0555.txt.gz
macrolide-lincosamide-streptogramin	erm(43)	2022	1000	0556.txt.gz
macrolide-lincosamide-streptogramin	erm(44)	2045	1000	0557.txt.gz
macrolide-lincosamide-streptogramin	erm(45)	2423	1000	0558.txt.gz
macrolide-lincosamide-streptogramin	erm(46)	8908	1000	0559.txt.gz
macrolide-lincosamide-streptogramin	erm(47)	13149	1000	0560.txt.gz
macrolide-lincosamide-streptogramin	erm(48)	842	842	0561.txt.gz
macrolide-lincosamide-streptogramin	erm(49)	16319	1000	0562.txt.gz
macrolide-lincosamide-streptogramin	erm(50)	8406	1000	0563.txt.gz
macrolide-lincosamide-streptogramin	erm(51)	11606	1000	0564.txt.gz
macrolide-lincosamide-streptogramin	erm(52)	148298	1000	0565.txt.gz
macrolide-lincosamide-streptogramin	erm(53)	14991	1000	0566.txt.gz
macrolide-lincosamide-streptogramin	erm(54)	16	16	0567.txt.gz
macrolide-lincosamide-streptogramin	erm(55)	9067	1000	0568.txt.gz
macrolide-lincosamide-streptogramin	erm(56)	13980	1000	0569.txt.gz
macrolide-lincosamide-streptogramin	erm(A)	94277	1000	0570.txt.gz
macrolide-lincosamide-streptogramin	erm(B)	454776	1000	0571.txt.gz
macrolide-lincosamide-streptogramin	erm(C)	66511	1000	0572.txt.gz
macrolide-lincosamide-streptogramin	erm(D)	1703	1000	0573.txt.gz
macrolide-lincosamide-streptogramin	erm(E)	93	93	0574.txt.gz
macrolide-lincosamide-streptogramin	erm(F)	366147	1000	0575.txt.gz
macrolide-lincosamide-streptogramin	erm(G)	282833	1000	0576.txt.gz
macrolide-lincosamide-streptogramin	erm(H)	24	24	0577.txt.gz
macrolide-lincosamide-streptogramin	erm(K)	74	74	0578.txt.gz
macrolide-lincosamide-streptogramin	erm(N)	30	30	0579.txt.gz
macrolide-lincosamide-streptogramin	erm(O)	6616	1000	0580.txt.gz
macrolide-lincosamide-streptogramin	erm(Q)	123184	1000	0581.txt.gz
macrolide-lincosamide-streptogramin	erm(R)	295	295	0582.txt.gz
macrolide-lincosamide-streptogramin	erm(S)	103	103	0583.txt.gz
macrolide-lincosamide-streptogramin	erm(T)	23426	1000	0584.txt.gz
macrolide-lincosamide-streptogramin	erm(U)	71	71	0585.txt.gz
macrolide-lincosamide-streptogramin	erm(V)	1987	1000	0586.txt.gz
macrolide-lincosamide-streptogramin	erm(W)	24	24	0587.txt.gz
macrolide-lincosamide-streptogramin	erm(X)	176679	1000	0588.txt.gz
macrolide-lincosamide-streptogramin	erm(Y)	3126	1000	0589.txt.gz
macrolide-lincosamide-streptogramin	erm(Z)	14	14	0590.txt.gz
macrolide-lincosamide-streptogramin	erm*	608924	1000	0591.txt.gz
macrolide-lincosamide-streptogramin	estT	141616	1000	0592.txt.gz
macrolide-lincosamide-streptogramin	estX	71320	1000	0593.txt.gz
macrolide-lincosamide-streptogramin	llmA	52375	1000	0594.txt.gz
macrolide-lincosamide-streptogramin	lmr(A)	562	562	0595.txt.gz
macrolide-lincosamide-streptogramin	lmr(B)	34454	1000	0596.txt.gz
macrolide-lincosamide-streptogramin	lmr(C)	1616	1000	0597.txt.gz
macrolide-lincosamide-streptogramin	lnu(A)	368877	1000	0598.txt.gz
macrolide-lincosamide-streptogramin	lnu(B)	83072	1000	0599.txt.gz
macrolide-lincosamide-streptogramin	lnu(C)	356792	1000	0600.txt.gz
macrolide-lincosamide-streptogramin	lnu(D)	22896	1000	0601.txt.gz
macrolide-lincosamide-streptogramin	lnu(E)	4063	1000	0602.txt.gz
macrolide-lincosamide-streptogramin	lnu(F)	38971	1000	0603.txt.gz
macrolide-lincosamide-streptogramin	lnu(G)	26364	1000	0604.txt.gz
macrolide-lincosamide-streptogramin	lnu(H)	41068	1000	0605.txt.gz
macrolide-lincosamide-streptogramin	lnu(I)	45727	1000	0606.txt.gz
macrolide-lincosamide-streptogramin	lnu(P)	101922	1000	0607.txt.gz
macrolide-lincosamide-streptogramin	lsa(A)	78524	1000	0608.txt.gz
macrolide-lincosamide-streptogramin	lsa(B)	3369	1000	0609.txt.gz
macrolide-lincosamide-streptogramin	lsa(C)	150777	1000	0610.txt.gz
macrolide-lincosamide-streptogramin	lsa(D)	21269	1000	0611.txt.gz
macrolide-lincosamide-streptogramin	lsa(E)	126765	1000	0612.txt.gz
macrolide-lincosamide-streptogramin	lsa*	567380	1000	0613.txt.gz
macrolide-lincosamide-streptogramin	macA	515066	1000	0614.txt.gz
macrolide-lincosamide-streptogramin	macB	833324	1000	0615.txt.gz
macrolide-lincosamide-streptogramin	mef(A)	511265	1000	0616.txt.gz
macrolide-lincosamide-streptogramin	mef(B)	47040	1000	0617.txt.gz
macrolide-lincosamide-streptogramin	mef(C)	28893	1000	0618.txt.gz
macrolide-lincosamide-streptogramin	mef(D)	3030	1000	0619.txt.gz
macrolide-lincosamide-streptogramin	mef(E)	355132	1000	0620.txt.gz
macrolide-lincosamide-streptogramin	mef(F)	13762	1000	0621.txt.gz
macrolide-lincosamide-streptogramin	mef(H)	139951	1000	0622.txt.gz
macrolide-lincosamide-streptogramin	mef(J)	8906	1000	0623.txt.gz
macrolide-lincosamide-streptogramin	mgt	42200	1000	0624.txt.gz
macrolide-lincosamide-streptogramin	mph(A)	102180	1000	0625.txt.gz
macrolide-lincosamide-streptogramin	mph(B)	44716	1000	0626.txt.gz
macrolide-lincosamide-streptogramin	mph(C)	61154	1000	0627.txt.gz
macrolide-lincosamide-streptogramin	mph(E)	52358	1000	0628.txt.gz
macrolide-lincosamide-streptogramin	mph(F)	14841	1000	0629.txt.gz
macrolide-lincosamide-streptogramin	mph(G)	22597	1000	0630.txt.gz
macrolide-lincosamide-streptogramin	mph(H)	1697	1000	0631.txt.gz
macrolide-lincosamide-streptogramin	mph(I)	1856	1000	0632.txt.gz
macrolide-lincosamide-streptogramin	mph(J)	506	506	0633.txt.gz
macrolide-lincosamide-streptogramin	mph(K)	9020	1000	0634.txt.gz
macrolide-lincosamide-streptogramin	mph(L)	5745	1000	0635.txt.gz
macrolide-lincosamide-streptogramin	mph(M)	2185	1000	0636.txt.gz
macrolide-lincosamide-streptogramin	mph(N)	5330	1000	0637.txt.gz
macrolide-lincosamide-streptogramin	mph(O)	11251	1000	0638.txt.gz
macrolide-lincosamide-streptogramin	mph*	78163	1000	0639.txt.gz
macrolide-lincosamide-streptogramin	mrx(A)	106976	1000	0640.txt.gz
macrolide-lincosamide-streptogramin	mrx(F)	15834	1000	0641.txt.gz
macrolide-lincosamide-streptogramin	msr(A)	63999	1000	0642.txt.gz
macrolide-lincosamide-streptogramin	msr(C)	58215	1000	0643.txt.gz
macrolide-lincosamide-streptogramin	msr(D)	447000	1000	0644.txt.gz
macrolide-lincosamide-streptogramin	msr(E)	60568	1000	0645.txt.gz
macrolide-lincosamide-streptogramin	msr(F)	1541	1000	0646.txt.gz
macrolide-lincosamide-streptogramin	msr(G)	11756	1000	0647.txt.gz
macrolide-lincosamide-streptogramin	msr(H)	42	42	0648.txt.gz
macrolide-lincosamide-streptogramin	msr(I)	5632	1000	0649.txt.gz
macrolide-lincosamide-streptogramin	msr*	168132	1000	0650.txt.gz
macrolide-lincosamide-streptogramin	myrA	2736	1000	0651.txt.gz
macrolide-lincosamide-streptogramin	ole(B)	843	843	0652.txt.gz
macrolide-lincosamide-streptogramin	ole(C)-1	39208	1000	0653.txt.gz
macrolide-lincosamide-streptogramin	ole(C)-2	22399	1000	0654.txt.gz
macrolide-lincosamide-streptogramin	ole(D)	259	259	0655.txt.gz
macrolide-lincosamide-streptogramin	ole(I)	52	52	0656.txt.gz
macrolide-lincosamide-streptogramin	pep	15457	1000	0657.txt.gz
macrolide-lincosamide-streptogramin	ptr	20547	1000	0658.txt.gz
macrolide-lincosamide-streptogramin	sal(A)	7130	1000	0659.txt.gz
macrolide-lincosamide-streptogramin	sal(B)	5794	1000	0660.txt.gz
macrolide-lincosamide-streptogramin	sal(C)	422	422	0661.txt.gz
macrolide-lincosamide-streptogramin	sal(D)	2434	1000	0662.txt.gz
macrolide-lincosamide-streptogramin	sal(E)	3612	1000	0663.txt.gz
macrolide-lincosamide-streptogramin	sal*	25344	1000	0664.txt.gz
macrolide-lincosamide-streptogramin	srm(B)	1584	1000	0665.txt.gz
macrolide-lincosamide-streptogramin	tlr(C)	1629	1000	0666.txt.gz
macrolide-lincosamide-streptogramin	varS	1133	1000	0667.txt.gz
macrolide-lincosamide-streptogramin	vat(A)	572	572	0668.txt.gz
macrolide-lincosamide-streptogramin	vat(B)	4779	1000	0669.txt.gz
macrolide-lincosamide-streptogramin	vat(C)	700	700	0670.txt.gz
macrolide-lincosamide-streptogramin	vat(D)	439	439	0671.txt.gz
macrolide-lincosamide-streptogramin	vat(E)	18273	1000	0672.txt.gz
macrolide-lincosamide-streptogramin	vat(F)	4290	1000	0673.txt.gz
macrolide-lincosamide-streptogramin	vat(H)	1355	1000	0674.txt.gz
macrolide-lincosamide-streptogramin	vat(I)	13984	1000	0675.txt.gz
macrolide-lincosamide-streptogramin	vat*	533718	1000	0676.txt.gz
macrolide-lincosamide-streptogramin	vga(A)	37260	1000	0677.txt.gz
macrolide-lincosamide-streptogramin	vga(B)	923	923	0678.txt.gz
macrolide-lincosamide-streptogramin	vga(C)	2430	1000	0679.txt.gz
macrolide-lincosamide-streptogramin	vga(D)	1507	1000	0680.txt.gz
macrolide-lincosamide-streptogramin	vga(E)	7356	1000	0681.txt.gz
macrolide-lincosamide-streptogramin	vga(F)	4883	1000	0682.txt.gz
macrolide-lincosamide-streptogramin	vga(G)	2591	1000	0683.txt.gz
macrolide-lincosamide-streptogramin	vga*	42237	1000	0684.txt.gz
macrolide-lincosamide-streptogramin	vgb(A)	253	253	0685.txt.gz
macrolide-lincosamide-streptogramin	vgb(B)	26	26	0686.txt.gz
macrolide-lincosamide-streptogramin	vgb(C)	355	355	0687.txt.gz
macrolide-lincosamide-streptogramin	vmlR	21149	1000	0688.txt.gz
multidrug@ABC	adeC	10091	1000	0689.txt.gz
multidrug@ABC	bmrA	19561	1000	0690.txt.gz
multidrug@ABC	bmrC	23965	1000	0691.txt.gz
multidrug@ABC	bmrD	23031	1000	0692.txt.gz
multidrug@ABC	cmpA	558397	1000	0693.txt.gz
multidrug@ABC	efrA	210670	1000	0694.txt.gz
multidrug@ABC	efrB	432320	1000	0695.txt.gz
multidrug@ABC	efrC	120667	1000	0696.txt.gz
multidrug@ABC	efrD	140616	1000	0697.txt.gz
multidrug@ABC	horA	41456	1000	0698.txt.gz
multidrug@ABC	lieA	33404	1000	0699.txt.gz
multidrug@ABC	lieB	77220	1000	0700.txt.gz
multidrug@ABC	lmrA	158263	1000	0701.txt.gz
multidrug@ABC	lmrC	128994	1000	0702.txt.gz
multidrug@ABC	lmrD	122457	1000	0703.txt.gz
multidrug@ABC	patA	251433	1000	0704.txt.gz
multidrug@ABC	patB	254359	1000	0705.txt.gz
multidrug@ABC	ranA	230412	1000	0706.txt.gz
multidrug@ABC	ranB	92672	1000	0707.txt.gz
multidrug@ABC	satA	64662	1000	0708.txt.gz
multidrug@ABC	satB	93695	1000	0709.txt.gz
multidrug@ABC	smdA	451660	1000	0710.txt.gz
multidrug@ABC	smdB	442846	1000	0711.txt.gz
multidrug@ABC	smrA	309352	1000	0712.txt.gz
multidrug@ABC	vcaM	146851	1000	0713.txt.gz
multidrug@MATE	abeM	58842	1000	0714.txt.gz
multidrug@MATE	bexA	397796	1000	0715.txt.gz
multidrug@MATE	cdeA	13143	1000	0716.txt.gz
multidrug@MATE	emmdR	331302	1000	0717.txt.gz
multidrug@MATE	fepA	2808	1000	0718.txt.gz
multidrug@MATE	hmrM	72976	1000	0719.txt.gz
multidrug@MATE	mdtK	399555	1000	0720.txt.gz
multidrug@MATE	mepA	45469	1000	0721.txt.gz
multidrug@MATE	mmp	75474	1000	0722.txt.gz
multidrug@MATE	norM	105750	1000	0723.txt.gz
multidrug@MATE	pdrM	199174	1000	0724.txt.gz
multidrug@MATE	pmpM	43326	1000	0725.txt.gz
multidrug@MATE	vcmA	9510	1000	0726.txt.gz
multidrug@MATE	vcmB	11554	1000	0727.txt.gz
multidrug@MATE	vcmD	2175	1000	0728.txt.gz
multidrug@MATE	vcmH	8997	1000	0729.txt.gz
multidrug@MATE	vcmN	9423	1000	0730.txt.gz
multidrug@MFS	aadT	16202	1000	0731.txt.gz
multidrug@MFS	abaQ	41171	1000	0732.txt.gz
multidrug@MFS	abcA	89362	1000	0733.txt.gz
multidrug@MFS	amvA	24211	1000	0734.txt.gz
multidrug@MFS	bcr	371067	1000	0735.txt.gz
multidrug@MFS	bmr1	10982	1000	0736.txt.gz
multidrug@MFS	bmr2	15132	1000	0737.txt.gz
multidrug@MFS	bmr3	16333	1000	0738.txt.gz
multidrug@MFS	cme	14271	1000	0739.txt.gz
multidrug@MFS	cmr	7876	1000	0740.txt.gz
multidrug@MFS	efmA	50735	1000	0741.txt.gz
multidrug@MFS	efpA	99038	1000	0742.txt.gz
multidrug@MFS	emeA	99028	1000	0743.txt.gz
multidrug@MFS	emrA	506347	1000	0744.txt.gz
multidrug@MFS	emrB	507489	1000	0745.txt.gz
multidrug@MFS	emrD	454478	1000	0746.txt.gz
multidrug@MFS	emrK	302670	1000	0747.txt.gz
multidrug@MFS	emrY	318330	1000	0748.txt.gz
multidrug@MFS	jefA	1193	1000	0749.txt.gz
multidrug@MFS	kdeA	190543	1000	0750.txt.gz
multidrug@MFS	lde	2858	1000	0751.txt.gz
multidrug@MFS	lfrA	78531	1000	0752.txt.gz
multidrug@MFS	lmrP	86413	1000	0753.txt.gz
multidrug@MFS	lmrS	69375	1000	0754.txt.gz
multidrug@MFS	mdeA	130751	1000	0755.txt.gz
multidrug@MFS	mdfA	408196	1000	0756.txt.gz
multidrug@MFS	mdrL	2663	1000	0757.txt.gz
multidrug@MFS	mdrP	8341	1000	0758.txt.gz
multidrug@MFS	mdt(A)	20357	1000	0759.txt.gz
multidrug@MFS	mdt(P)	26420	1000	0760.txt.gz
multidrug@MFS	mdtG	397454	1000	0761.txt.gz
multidrug@MFS	mdtH	419355	1000	0762.txt.gz
multidrug@MFS	mdtL	394202	1000	0763.txt.gz
multidrug@MFS	mdtM	338563	1000	0764.txt.gz
multidrug@MFS	nms	2942	1000	0765.txt.gz
multidrug@MFS	norA	158757	1000	0766.txt.gz
multidrug@MFS	norB	28364	1000	0767.txt.gz
multidrug@MFS	norC	39935	1000	0768.txt.gz
multidrug@MFS	pmrA	171103	1000	0769.txt.gz
multidrug@MFS	sdrM	109586	1000	0770.txt.gz
multidrug@MFS	smfY	30133	1000	0771.txt.gz
multidrug@MFS	stp	6591	1000	0772.txt.gz
multidrug@MFS	tap	72221	1000	0773.txt.gz
multidrug@MFS	vceA	8515	1000	0774.txt.gz
multidrug@MFS	vceB	18275	1000	0775.txt.gz
multidrug@MFS	vceC	3087	1000	0776.txt.gz
multidrug@RND	acrA	482626	1000	0777.txt.gz
multidrug@RND	acrB	683833	1000	0778.txt.gz
multidrug@RND	acrD	605870	1000	0779.txt.gz
multidrug@RND	acrE	360379	1000	0780.txt.gz
multidrug@RND	acrF	419226	1000	0781.txt.gz
multidrug@RND	adeA	26842	1000	0782.txt.gz
multidrug@RND	adeB	97326	1000	0783.txt.gz
multidrug@RND	adeD	10723	1000	0784.txt.gz
multidrug@RND	adeE	88066	1000	0785.txt.gz
multidrug@RND	adeF	29333	1000	0786.txt.gz
multidrug@RND	adeG	168341	1000	0787.txt.gz
multidrug@RND	adeH	29938	1000	0788.txt.gz
multidrug@RND	adeI	52407	1000	0789.txt.gz
multidrug@RND	adeJ	138056	1000	0790.txt.gz
multidrug@RND	adeK	94227	1000	0791.txt.gz
multidrug@RND	adeT	27250	1000	0792.txt.gz
multidrug@RND	aheA	28650	1000	0793.txt.gz
multidrug@RND	aheB	122458	1000	0794.txt.gz
multidrug@RND	aheC	29157	1000	0795.txt.gz
multidrug@RND	ameA	21665	1000	0796.txt.gz
multidrug@RND	ameB	85550	1000	0797.txt.gz
multidrug@RND	ameC	14412	1000	0798.txt.gz
multidrug@RND	amrA	10885	1000	0799.txt.gz
multidrug@RND	amrB	91649	1000	0800.txt.gz
multidrug@RND	axyA	22046	1000	0801.txt.gz
multidrug@RND	axyB	129792	1000	0802.txt.gz
multidrug@RND	axyM	28209	1000	0803.txt.gz
multidrug@RND	axyX	13770	1000	0804.txt.gz
multidrug@RND	axyY	65878	1000	0805.txt.gz
multidrug@RND	bepC	8462	1000	0806.txt.gz
multidrug@RND	bepD	9501	1000	0807.txt.gz
multidrug@RND	bepE	170174	1000	0808.txt.gz
multidrug@RND	bepF	272	272	0809.txt.gz
multidrug@RND	bepG	13585	1000	0810.txt.gz
multidrug@RND	bpeA	35571	1000	0811.txt.gz
multidrug@RND	bpeB	100713	1000	0812.txt.gz
multidrug@RND	bpeE	28037	1000	0813.txt.gz
multidrug@RND	bpeF	146385	1000	0814.txt.gz
multidrug@RND	cmeA	7701	1000	0815.txt.gz
multidrug@RND	cmeB	88616	1000	0816.txt.gz
multidrug@RND	cmeC	8177	1000	0817.txt.gz
multidrug@RND	cmeD	7388	1000	0818.txt.gz
multidrug@RND	cmeE	6430	1000	0819.txt.gz
multidrug@RND	cmeF	21323	1000	0820.txt.gz
multidrug@RND	cmpB	230401	1000	0821.txt.gz
multidrug@RND	eefA	223619	1000	0822.txt.gz
multidrug@RND	eefB	354774	1000	0823.txt.gz
multidrug@RND	eefC	225844	1000	0824.txt.gz
multidrug@RND	emhA	74722	1000	0825.txt.gz
multidrug@RND	emhB	195589	1000	0826.txt.gz
multidrug@RND	emhC	91115	1000	0827.txt.gz
multidrug@RND	emrC	42329	1000	0828.txt.gz
multidrug@RND	ftlC	1234	1000	0829.txt.gz
multidrug@RND	hasF	23391	1000	0830.txt.gz
multidrug@RND	hdrC	901	901	0831.txt.gz
multidrug@RND	hefA	777	777	0832.txt.gz
multidrug@RND	hefB	583	583	0833.txt.gz
multidrug@RND	hefC	3818	1000	0834.txt.gz
multidrug@RND	kexD	140101	1000	0835.txt.gz
multidrug@RND	lpeA	306	306	0836.txt.gz
multidrug@RND	lpeB	15050	1000	0837.txt.gz
multidrug@RND	mdsA	13614	1000	0838.txt.gz
multidrug@RND	mdsB	118497	1000	0839.txt.gz
multidrug@RND	mdsC	8150	1000	0840.txt.gz
multidrug@RND	mdtA	371010	1000	0841.txt.gz
multidrug@RND	mdtB	538068	1000	0842.txt.gz
multidrug@RND	mdtC	551374	1000	0843.txt.gz
multidrug@RND	mdtE	322704	1000	0844.txt.gz
multidrug@RND	mdtF	388715	1000	0845.txt.gz
multidrug@RND	mdtN	449835	1000	0846.txt.gz
multidrug@RND	mdtO	409175	1000	0847.txt.gz
multidrug@RND	mdtP	403492	1000	0848.txt.gz
multidrug@RND	mdtQ	408982	1000	0849.txt.gz
multidrug@RND	mexA	45768	1000	0850.txt.gz
multidrug@RND	mexB	292184	1000	0851.txt.gz
multidrug@RND	mexC	57561	1000	0852.txt.gz
multidrug@RND	mexD	66673	1000	0853.txt.gz
multidrug@RND	mexE	140741	1000	0854.txt.gz
multidrug@RND	mexF	206605	1000	0855.txt.gz
multidrug@RND	mexH	22492	1000	0856.txt.gz
multidrug@RND	mexI	117452	1000	0857.txt.gz
multidrug@RND	mexJ	26793	1000	0858.txt.gz
multidrug@RND	mexK	199986	1000	0859.txt.gz
multidrug@RND	mexM	20513	1000	0860.txt.gz
multidrug@RND	mexN	64945	1000	0861.txt.gz
multidrug@RND	mexP	22974	1000	0862.txt.gz
multidrug@RND	mexQ	116255	1000	0863.txt.gz
multidrug@RND	mexV	21993	1000	0864.txt.gz
multidrug@RND	mexW	138330	1000	0865.txt.gz
multidrug@RND	mexX	20422	1000	0866.txt.gz
multidrug@RND	mexY	136750	1000	0867.txt.gz
multidrug@RND	mmpL5	83175	1000	0868.txt.gz
multidrug@RND	mmpL7	1178	1000	0869.txt.gz
multidrug@RND	mtrC	51274	1000	0870.txt.gz
multidrug@RND	mtrD	95653	1000	0871.txt.gz
multidrug@RND	mtrE	34099	1000	0872.txt.gz
multidrug@RND	muxA	26075	1000	0873.txt.gz
multidrug@RND	muxB	185449	1000	0874.txt.gz
multidrug@RND	muxC	85639	1000	0875.txt.gz
multidrug@RND	opmB	25536	1000	0876.txt.gz
multidrug@RND	opmD	23786	1000	0877.txt.gz
multidrug@RND	opmE	25475	1000	0878.txt.gz
multidrug@RND	oprA	17675	1000	0879.txt.gz
multidrug@RND	oprB	23595	1000	0880.txt.gz
multidrug@RND	oprC	21441	1000	0881.txt.gz
multidrug@RND	oprJ	31686	1000	0882.txt.gz
multidrug@RND	oprM	47414	1000	0883.txt.gz
multidrug@RND	oprN	60231	1000	0884.txt.gz
multidrug@RND	oprZ	17679	1000	0885.txt.gz
multidrug@RND	oqxA	175988	1000	0886.txt.gz
multidrug@RND	oqxB	348052	1000	0887.txt.gz
multidrug@RND	pseA	2030	1000	0888.txt.gz
multidrug@RND	pseB	1579	1000	0889.txt.gz
multidrug@RND	pseC	10095	1000	0890.txt.gz
multidrug@RND	sdeA	26257	1000	0891.txt.gz
multidrug@RND	sdeB	129874	1000	0892.txt.gz
multidrug@RND	sdeX	87546	1000	0893.txt.gz
multidrug@RND	sdeY	180822	1000	0894.txt.gz
multidrug@RND	smeA	24945	1000	0895.txt.gz
multidrug@RND	smeB	156278	1000	0896.txt.gz
multidrug@RND	smeC	26690	1000	0897.txt.gz
multidrug@RND	smeD	54226	1000	0898.txt.gz
multidrug@RND	smeE	331464	1000	0899.txt.gz
multidrug@RND	smeF	65386	1000	0900.txt.gz
multidrug@RND	tbtA	5768	1000	0901.txt.gz
multidrug@RND	tbtB	26246	1000	0902.txt.gz
multidrug@RND	tbtM	5393	1000	0903.txt.gz
multidrug@RND	tmexC	27913	1000	0904.txt.gz
multidrug@RND	tmexD	72716	1000	0905.txt.gz
multidrug@RND	tolC	500741	1000	0906.txt.gz
multidrug@RND	toprJ	26968	1000	0907.txt.gz
multidrug@RND	ttgA	49394	1000	0908.txt.gz
multidrug@RND	ttgB	148440	1000	0909.txt.gz
multidrug@RND	ttgC	45338	1000	0910.txt.gz
multidrug@RND	vexA	13063	1000	0911.txt.gz
multidrug@RND	vexB	28559	1000	0912.txt.gz
multidrug@RND	vexC	2751	1000	0913.txt.gz
multidrug@RND	vexD	13715	1000	0914.txt.gz
multidrug@RND	vexE	3070	1000	0915.txt.gz
multidrug@RND	vexF	10165	1000	0916.txt.gz
multidrug@RND	vexG	2978	1000	0917.txt.gz
multidrug@RND	vexH	33581	1000	0918.txt.gz
multidrug@RND	vexI	2537	1000	0919.txt.gz
multidrug@RND	vexJ	3524	1000	0920.txt.gz
multidrug@RND	vexK	10251	1000	0921.txt.gz
multidrug@RND	vmeA	4527	1000	0922.txt.gz
multidrug@RND	vmeB	36815	1000	0923.txt.gz
multidrug@RND	vmeC	13762	1000	0924.txt.gz
multidrug@RND	vmeD	48755	1000	0925.txt.gz
multidrug@RND	vmeE	6569	1000	0926.txt.gz
multidrug@RND	vmeF	10480	1000	0927.txt.gz
multidrug@RND	vmeJ	3177	1000	0928.txt.gz
multidrug@RND	vmeK	19107	1000	0929.txt.gz
multidrug@RND	vmeP	3392	1000	0930.txt.gz
multidrug@RND	vmeQ	6003	1000	0931.txt.gz
multidrug@RND	vmeT	3184	1000	0932.txt.gz
multidrug@RND	vmeU	4089	1000	0933.txt.gz
multidrug@RND	vmeV	14987	1000	0934.txt.gz
multidrug@RND	vmeY	6734	1000	0935.txt.gz
multidrug@RND	vmeZ	20470	1000	0936.txt.gz
multidrug@RND	vpoC	1601	1000	0937.txt.gz
multidrug@SMR	abeS	14397	1000	0938.txt.gz
multidrug@SMR	emrE	265079	1000	0939.txt.gz
multidrug@SMR	kpnE	40313	1000	0940.txt.gz
multidrug@SMR	kpnF	72640	1000	0941.txt.gz
multidrug@SMR	mdtI	424135	1000	0942.txt.gz
multidrug@SMR	mdtJ	335834	1000	0943.txt.gz
multidrug@SMR	mmr	5470	1000	0944.txt.gz
multidrug@SMR	ssmE	15261	1000	0945.txt.gz
multidrug@SMR	ykkC	6180	1000	0946.txt.gz
multidrug@SMR	ykkD	6747	1000	0947.txt.gz
mupirocin	mupA	32659	1000	0948.txt.gz
mupirocin	mupB	26648	1000	0949.txt.gz
nitroimidazole	nim*	101141	1000	0950.txt.gz
nitroimidazole	nimA	8743	1000	0951.txt.gz
nitroimidazole	nimB	23987	1000	0952.txt.gz
nitroimidazole	nimC	268	268	0953.txt.gz
nitroimidazole	nimD	10755	1000	0954.txt.gz
nitroimidazole	nimE	10734	1000	0955.txt.gz
nitroimidazole	nimF	6512	1000	0956.txt.gz
nitroimidazole	nimG	6745	1000	0957.txt.gz
nitroimidazole	nimH	7176	1000	0958.txt.gz
nitroimidazole	nimI	4072	1000	0959.txt.gz
nitroimidazole	nimJ	24067	1000	0960.txt.gz
nitroimidazole	nimK	4370	1000	0961.txt.gz
nitroimidazole	nimL	2528	1000	0962.txt.gz
phenicol	capO	900	900	0963.txt.gz
phenicol	catA	549914	1000	0964.txt.gz
phenicol	catB	252302	1000	0965.txt.gz
phenicol	catC	3668	1000	0966.txt.gz
phenicol	cfr(A)	20640	1000	0967.txt.gz
phenicol	cfr(B)	29311	1000	0968.txt.gz
phenicol	cfr(C)	221761	1000	0969.txt.gz
phenicol	cfr(D)	1794	1000	0970.txt.gz
phenicol	cfr(E)	125643	1000	0971.txt.gz
phenicol	cfr*	195278	1000	0972.txt.gz
phenicol	cml*	113125	1000	0973.txt.gz
phenicol	cmlA	60375	1000	0974.txt.gz
phenicol	cmlB	4380	1000	0975.txt.gz
phenicol	cmlR	11436	1000	0976.txt.gz
phenicol	cmlV	20986	1000	0977.txt.gz
phenicol	cmrA	3728	1000	0978.txt.gz
phenicol	cmx	83263	1000	0979.txt.gz
phenicol	cpt	58458	1000	0980.txt.gz
phenicol	craA	48828	1000	0981.txt.gz
phenicol	cxpE	88635	1000	0982.txt.gz
phenicol	estDL136	22927	1000	0983.txt.gz
phenicol	fexA	25690	1000	0984.txt.gz
phenicol	fexB	11798	1000	0985.txt.gz
phenicol	floR	407466	1000	0986.txt.gz
phenicol	optrA	39123	1000	0987.txt.gz
phenicol	pexA	91	91	0988.txt.gz
phenicol	poxtA	46921	1000	0989.txt.gz
pleuromutilin	taeA	159825	1000	0990.txt.gz
pleuromutilin	tva(A)	1328	1000	0991.txt.gz
pleuromutilin	tva(B)	3005	1000	0992.txt.gz
pleuromutilin	tva(C)	451	451	0993.txt.gz
pleuromutilin	tva(D)	457	457	0994.txt.gz
quinolone	mfpA	7178	1000	0995.txt.gz
quinolone	qepA	19839	1000	0996.txt.gz
quinolone	qnr*	143215	1000	0997.txt.gz
quinolone	qnrA	1639	1000	0998.txt.gz
quinolone	qnrAS	282	282	0999.txt.gz
quinolone	qnrB	50518	1000	1000.txt.gz
quinolone	qnrC	337	337	1001.txt.gz
quinolone	qnrD	14476	1000	1002.txt.gz
quinolone	qnrE	6318	1000	1003.txt.gz
quinolone	qnrS	88769	1000	1004.txt.gz
quinolone	qnrVC	10216	1000	1005.txt.gz
rifamycin	arr	381175	1000	1006.txt.gz
rifamycin	helR	245058	1000	1007.txt.gz
rifamycin	iri	18968	1000	1008.txt.gz
rifamycin	rgt	9460	1000	1009.txt.gz
rifamycin	rox	123691	1000	1010.txt.gz
rifamycin	rph*	231401	1000	1011.txt.gz
rifamycin	rphA	2816	1000	1012.txt.gz
rifamycin	rphB	71441	1000	1013.txt.gz
rifamycin	rphC	70007	1000	1014.txt.gz
rifamycin	rphD	61429	1000	1015.txt.gz
streptolydigin	slgT	1284	1000	1016.txt.gz
streptothricin	nat1	1621	1000	1017.txt.gz
streptothricin	sat2	33396	1000	1018.txt.gz
streptothricin	sat3	360	360	1019.txt.gz
streptothricin	sat4	296305	1000	1020.txt.gz
streptothricin	sta	627	627	1021.txt.gz
streptothricin	sttH	235	235	1022.txt.gz
sulfonamide	mtrF	67037	1000	1023.txt.gz
sulfonamide	sul1	293849	1000	1024.txt.gz
sulfonamide	sul2	292088	1000	1025.txt.gz
sulfonamide	sul3	36914	1000	1026.txt.gz
sulfonamide	sul4	25752	1000	1027.txt.gz
sulfonamide	sulR	480	480	1028.txt.gz
sulfonamide	sulX	736	736	1029.txt.gz
sulfonamide	thfT	443	443	1030.txt.gz
sulfonamide	ydaH	6560	1000	1031.txt.gz
tetracenomycin	tcmA	13132	1000	1032.txt.gz
tetracycline	otr(A)	65645	1000	1033.txt.gz
tetracycline	otr(B)	649	649	1034.txt.gz
tetracycline	otr(C)-1	10331	1000	1035.txt.gz
tetracycline	otr(C)-2	474	474	1036.txt.gz
tetracycline	tcr3	541	541	1037.txt.gz
tetracycline	tcrA	28409	1000	1038.txt.gz
tetracycline	tet(30)	24313	1000	1039.txt.gz
tetracycline	tet(31)	7247	1000	1040.txt.gz
tetracycline	tet(32)	474894	1000	1041.txt.gz
tetracycline	tet(33)	38173	1000	1042.txt.gz
tetracycline	tet(34)	118892	1000	1043.txt.gz
tetracycline	tet(35)	116475	1000	1044.txt.gz
tetracycline	tet(36)	31298	1000	1045.txt.gz
tetracycline	tet(37)	156144	1000	1046.txt.gz
tetracycline	tet(38)	35838	1000	1047.txt.gz
tetracycline	tet(39)	43144	1000	1048.txt.gz
tetracycline	tet(40)	431593	1000	1049.txt.gz
tetracycline	tet(41)	4324	1000	1050.txt.gz
tetracycline	tet(42)	36416	1000	1051.txt.gz
tetracycline	tet(43)	29629	1000	1052.txt.gz
tetracycline	tet(44)	233040	1000	1053.txt.gz
tetracycline	tet(45)	3072	1000	1054.txt.gz
tetracycline	tet(47)	8757	1000	1055.txt.gz
tetracycline	tet(48)	2610	1000	1056.txt.gz
tetracycline	tet(49)	11496	1000	1057.txt.gz
tetracycline	tet(50)	655	655	1058.txt.gz
tetracycline	tet(51)	2621	1000	1059.txt.gz
tetracycline	tet(52)	276	276	1060.txt.gz
tetracycline	tet(53)	7123	1000	1061.txt.gz
tetracycline	tet(54)	2889	1000	1062.txt.gz
tetracycline	tet(55)	220	220	1063.txt.gz
tetracycline	tet(56)	11518	1000	1064.txt.gz
tetracycline	tet(57)	320	320	1065.txt.gz
tetracycline	tet(59)	9277	1000	1066.txt.gz
tetracycline	tet(62)	3779	1000	1067.txt.gz
tetracycline	tet(63)	1199	1000	1068.txt.gz
tetracycline	tet(64)	7466	1000	1069.txt.gz
tetracycline	tet(65)	15560	1000	1070.txt.gz
tetracycline	tet(A)	173189	1000	1071.txt.gz
tetracycline	tet(B)	124910	1000	1072.txt.gz
tetracycline	tet(C)	116427	1000	1073.txt.gz
tetracycline	tet(D)	26367	1000	1074.txt.gz
tetracycline	tet(E)	17279	1000	1075.txt.gz
tetracycline	tet(G)	51096	1000	1076.txt.gz
tetracycline	tet(H)	21786	1000	1077.txt.gz
tetracycline	tet(J)	11842	1000	1078.txt.gz
tetracycline	tet(K)	1405	1000	1079.txt.gz
tetracycline	tet(L)	131122	1000	1080.txt.gz
tetracycline	tet(M)	499107	1000	1081.txt.gz
tetracycline	tet(O)	522790	1000	1082.txt.gz
tetracycline	tet(Q)	536687	1000	1083.txt.gz
tetracycline	tet(S)	70535	1000	1084.txt.gz
tetracycline	tet(T)	23380	1000	1085.txt.gz
tetracycline	tet(V)	96899	1000	1086.txt.gz
tetracycline	tet(W)	546612	1000	1087.txt.gz
tetracycline	tet(X)	304359	1000	1088.txt.gz
tetracycline	tet(Y)	16910	1000	1089.txt.gz
tetracycline	tet(Z)	26193	1000	1090.txt.gz
tetracycline	tet*	703349	1000	1091.txt.gz
tetracycline	tetA	26764	1000	1092.txt.gz
tetracycline	tetA(46)	259570	1000	1093.txt.gz
tetracycline	tetA(58)	94857	1000	1094.txt.gz
tetracycline	tetA(60)	115253	1000	1095.txt.gz
tetracycline	tetA(P)	229111	1000	1096.txt.gz
tetracycline	tetB	25817	1000	1097.txt.gz
tetracycline	tetB(46)	273474	1000	1098.txt.gz
tetracycline	tetB(58)	67966	1000	1099.txt.gz
tetracycline	tetB(60)	126011	1000	1100.txt.gz
tetracycline	tetB(P)	208714	1000	1101.txt.gz
thiostrepton	nshR	2753	1000	1102.txt.gz
thiostrepton	tipA	26585	1000	1103.txt.gz
thiostrepton	tsnR	105	105	1104.txt.gz
thiostrepton	tsr	2215	1000	1105.txt.gz
trimethoprim	dfr*	48657	1000	1106.txt.gz
trimethoprim	dfrA	228664	1000	1107.txt.gz
trimethoprim	dfrB	52382	1000	1108.txt.gz
trimethoprim	dfrC	48981	1000	1109.txt.gz
trimethoprim	dfrD	9090	1000	1110.txt.gz
trimethoprim	dfrE	6331	1000	1111.txt.gz
trimethoprim	dfrF	359885	1000	1112.txt.gz
trimethoprim	dfrG	27498	1000	1113.txt.gz
trimethoprim	dfrI	1275	1000	1114.txt.gz
trimethoprim	dfrK	4599	1000	1115.txt.gz
trimethoprim	dfrL	1895	1000	1116.txt.gz
tuberactinomycin	cac	1750	1000	1117.txt.gz
tuberactinomycin	cpaA	750	750	1118.txt.gz
tuberactinomycin	cph	54	54	1119.txt.gz
tuberactinomycin	vph	16695	1000	1120.txt.gz
tunicamycin	tmrB	8721	1000	1121.txt.gz
tunicamycin	tmrD	2235	1000	1122.txt.gz
